timestamp,steering_angle,throttle,speed
00:04.247,-0.20024080574512482,1.0,0.0
00:04.388,-0.20024080574512482,0.9165051102965645,0.0
00:04.577,-0.20024080574512482,0.8962003449905236,0.043800000000000006
00:04.810,-0.2880273759365082,0.8647217722718805,0.054830000000000004
00:05.064,-0.11526631563901901,0.8283012198064037,0.15696700000000002
00:05.332,-0.05907591059803963,0.7783901287216728,0.40708030000000006
00:05.612,-0.10624011605978012,0.7114674141672908,0.84959227
00:05.877,-0.14790238440036774,0.6309406337409947,1.483813043
00:06.152,-0.12204142659902573,0.5345817661612569,2.3112017387000003
00:06.408,-0.06636228412389755,0.4379203248453378,3.28002156483
00:06.652,0.046499621123075485,0.3362267550504223,4.344099408347001
00:06.876,-0.016353148967027664,0.23002535355100773,5.467819467512301
00:07.048,0.1811629682779312,0.13222307612411188,6.617707520761072
00:07.201,0.11787832528352737,0.01722394517394893,7.718656768684965
00:07.357,0.18267770111560822,0.0,8.76476109181647
00:07.488,0.21504206955432892,0.0,9.721514982634822
00:07.621,0.09517110139131546,0.0,10.57672348437134
00:07.749,0.179424449801445,0.0,11.321281135934207
00:07.874,-0.025743145495653152,0.0,11.968053022340786
00:07.997,-0.18911661207675934,0.0,12.515537720106707
00:08.117,0.11484039574861526,0.0,12.988743948096037
00:08.242,-0.007339258212596178,0.0,13.392819553286433
00:08.384,-0.057762522250413895,0.0,13.72986759795779
00:08.517,-0.047451842576265335,0.0,14.00897083816201
00:08.648,-0.07701947540044785,0.0,14.23812375434581
00:08.775,-0.05606048181653023,0.0,14.42001137891123
00:08.907,-0.12695489823818207,0.0,14.559860241020107
00:09.029,-0.0022697639651596546,0.0,14.666634216918098
00:09.153,-0.09661003202199936,0.0,14.744750795226288
00:09.281,-0.023684490472078323,0.0,14.79337571570366
00:09.430,0.005500982981175184,0.022835657548116006,14.818448144133294
00:09.670,-0.006930131930857897,0.05557762808149093,14.819573329719965
00:09.916,-0.11619826406240463,0.09110825016533064,14.80175599674797
00:10.163,-0.0607181079685688,0.11996952685795662,14.760860397073174
00:10.416,-0.020231831818819046,0.14467306991144202,14.693154357365856
00:10.665,-0.02001016214489937,0.16471933685153559,14.613458921629272
00:10.912,-0.013955313712358475,0.1801663235978059,14.530813029466346
00:11.147,0.07868791371583939,0.19093804299901782,14.453641726519713
00:11.418,0.1283886581659317,0.19779056266394968,14.389287553867742
00:11.744,0.1419399529695511,0.1980055514241972,14.347358798480968
00:11.960,0.06709102541208267,0.19566846263936707,14.322072918632871
00:12.126,0.05802715942263603,0.1921628068066622,14.322085626769585
00:12.269,0.07311338931322098,0.18405886601921181,14.351857064092627
00:12.402,0.07130271941423416,0.17447776125817407,14.396271357683364
00:12.532,0.03617466613650322,0.1645429393475776,14.449324221915028
00:12.674,0.07725957781076431,0.15459430003322566,14.509941799723524
00:12.821,-0.054192740470170975,0.1461877057243213,14.572087619751173
00:12.949,0.03764684125781059,0.13842297230828962,14.638158857776055
00:13.077,0.0688992515206337,0.13103666939815659,14.70142297199845
00:13.200,0.045027147978544235,0.12558816598322473,14.760860674798607
00:13.332,0.11335814744234085,0.1208296968638481,14.817914607318746
00:13.469,0.00974942371249199,0.11784066428372439,14.870923146586872
00:13.600,-0.09468590468168259,0.11651283686103442,14.916580831928185
00:13.737,-0.14761249721050262,0.1161647129319692,14.957132748735365
00:13.881,-0.07770701497793198,0.11641193526175422,14.992859473861829
00:14.004,-0.11238005012273788,0.11844016360460653,15.020123526475647
00:14.133,-0.08597695082426071,0.11961930929468376,15.043221173828082
00:14.282,-0.18646256625652313,0.12168379467024983,15.060649056445275
00:14.416,-0.1764662116765976,0.12497572562187306,15.073734150800748
00:14.586,-0.13812710344791412,0.12714614671159677,15.084030735720674
00:14.819,-0.10397972911596298,0.13095141387064663,15.091337662148607
00:15.066,-0.18687693774700165,0.13458693207813496,15.096483895933746
00:15.328,-0.10826756805181503,0.13755543085783128,15.098185506340371
00:15.558,-0.06482934206724167,0.13979084502553496,15.099276955706333
00:15.788,-0.10624384135007858,0.1410062776769073,15.100539260135701
00:16.020,-0.018060315400362015,0.14160532260501707,15.103155334122132
00:16.251,-0.15148459374904633,0.14167978031569736,15.10684980070992
00:16.477,0.06284529715776443,0.14126334036407984,15.11280482063893
00:16.704,0.19452913105487823,0.14035502698156901,15.121414338575038
00:16.910,0.09570503979921341,0.13931616203054037,15.131062904717535
00:17.126,0.23894144594669342,0.13820205875296632,15.141356614245781
00:17.299,0.2972279191017151,0.1374582896810516,15.150820952821203
00:17.443,0.2538345456123352,0.13651687741632404,15.160188857539083
00:17.590,0.077578105032444,0.135916975336434,15.167369971785174
00:17.727,0.09922809153795242,0.13536143935319261,15.174722974606656
00:17.866,-0.01769055798649788,0.13499790085444702,15.18099067714599
00:18.001,-0.0003448617644608021,0.13487778993382057,15.186331609431392
00:18.129,0.02130986377596855,0.1343189342763026,15.192988448488252
00:18.269,-0.012834835797548294,0.13386312945991785,15.199189603639429
00:18.399,-0.16504226624965668,0.13338054973776314,15.206220643275486
00:18.521,-0.14269159734249115,0.13275668165874296,15.213298578947937
00:18.683,-0.07945811003446579,0.13210337993821325,15.221068721053143
00:18.813,0.00029833195731043816,0.13175470918085389,15.22814184894783
00:18.939,0.013852905482053757,0.13183236831581915,15.232097664053047
00:19.069,-0.10803236812353134,0.13179787037462473,15.236327897647742
00:19.197,-0.09491734951734543,0.13173948560391074,15.240465107882969
00:19.342,-0.09865351766347885,0.13142092473361452,15.245498597094672
00:19.467,-0.2071193903684616,0.13165793318009728,15.248408737385205
00:19.741,-0.1852724403142929,0.13191973461761736,15.250357863646684
00:20.119,-0.1614556759595871,0.13245141852802403,15.253792077282016
00:20.440,-0.181505486369133,0.13308668490484074,15.254352869553815
00:20.809,-0.02538083866238594,0.13343008757341135,15.254007582598433
00:21.164,0.028128545731306076,0.13367201963077957,15.25309682433859
00:21.437,0.04653645679354668,0.13370583022479918,15.25214714190473
00:21.692,0.258086621761322,0.13352296350818516,15.251922427714259
00:21.890,0.255240797996521,0.1336880004009735,15.250000184942834
00:22.087,0.18402071297168732,0.13450570447770815,15.24449016644855
00:22.249,0.25451093912124634,0.13567206871357987,15.236301149803694
00:22.388,0.16448242962360382,0.13803659401043958,15.221941034823326
00:22.530,0.3267689347267151,0.13978478255899937,15.209196931340994
00:22.676,0.2427956610918045,0.13857735244324831,15.209387238206896
00:22.810,0.31900137662887573,0.137741285833214,15.208948514386206
00:22.962,0.14298225939273834,0.13718010735384215,15.208193662947584
00:23.090,0.18796266615390778,0.1371108512318825,15.205294296652827
00:23.218,0.10453987866640091,0.13622308416630316,15.206834866987545
00:23.362,-0.07570566982030869,0.13512992533341034,15.210071380288792
00:23.487,-0.09334342926740646,0.13449318636211796,15.211934242259915
00:23.632,-0.1965111941099167,0.13305367836144757,15.218070818033922
00:23.779,-0.275842547416687,0.13139465438995815,15.226743736230532
00:23.909,-0.30594557523727417,0.13068404159833494,15.23159936260748
00:24.063,-0.28593510389328003,0.12996784302500042,15.236879426346732
00:24.191,-0.28422242403030396,0.12931220378011835,15.24251148371206
00:24.322,-0.2551423907279968,0.12906717678392343,15.246040335340853
00:24.451,-0.1595226675271988,0.12920570920044452,15.247696301806767
00:24.578,-0.19555281102657318,0.12921113905454437,15.24968667162609
00:24.749,-0.14074201881885529,0.1294809358594626,15.250178004463482
00:24.992,-0.17365624010562897,0.12987677436866896,15.250470204017134
00:25.228,-0.1420932561159134,0.12995532370704602,15.25171318361542
00:25.481,-0.06359695643186569,0.13011188202196938,15.25185186525388
00:25.710,-0.06097497418522835,0.13023503653210855,15.251656678728493
00:25.952,-0.0413958914577961,0.1306055830526193,15.249491010855643
00:26.181,0.02778233215212822,0.1307481764866248,15.247861909770078
00:26.423,0.10458189994096756,0.13090815989141907,15.245735718793071
00:26.668,-0.05669980123639107,0.13108646133333215,15.243102146913765
00:26.883,0.13836659491062164,0.13125013290284138,15.24010193222239
00:27.085,0.15739841759204865,0.13155797708783193,15.23631173900015
00:27.290,0.20016194880008698,0.13219071294860527,15.230640565100137
00:27.449,0.1776285320520401,0.13269797166745254,15.224916508590123
00:27.589,0.2381904274225235,0.13380680799212297,15.216504857731111
00:27.724,0.1413048356771469,0.1347253785385148,15.208714371958
00:27.875,0.05893872305750847,0.13486371673040612,15.2040629347622
00:28.006,0.017998110502958298,0.1348298161022755,15.19988664128598
00:28.137,-0.05589314177632332,0.1349626474519949,15.195577977157383
00:28.262,-0.07797204703092575,0.1348540446359367,15.192480179441645
00:28.408,-0.26155686378479004,0.1340846486976483,15.19281216149748
00:28.538,-0.25926434993743896,0.13332853815473586,15.193510945347732
00:28.664,-0.17136608064174652,0.13250257621832215,15.19531985081296
00:28.791,-0.22608844935894012,0.13171701810546274,15.197647865731664
00:28.921,-0.20335818827152252,0.13162161809294762,15.197243079158499
00:29.056,-0.16851909458637238,0.13205721104422072,15.194328771242649
00:29.185,-0.17733554542064667,0.13177252113969218,15.194485894118383
00:29.321,-0.006181050557643175,0.13190272620870824,15.192867304706546
00:29.468,-0.13549049198627472,0.13204400910444372,15.191040574235892
00:29.608,-0.20901425182819366,0.1316551685925917,15.191576516812304
00:29.735,0.047433894127607346,0.13165357229021657,15.190528865131075
00:29.910,0.16879434883594513,0.13187198668559239,15.188485978617969
00:30.141,0.1320837289094925,0.13201368681789433,15.186157380756173
00:30.374,0.14216794073581696,0.1325627680143614,15.181031642680555
00:30.610,0.13523654639720917,0.133499821858582,15.173088478412499
00:30.871,0.03393832966685295,0.13356481111980703,15.168279630571249
00:31.155,0.09391862899065018,0.13347612880766146,15.164691667514123
00:31.387,-0.050101567059755325,0.13335991642265888,15.161022500762712
00:31.619,-0.14781181514263153,0.13305096528784097,15.15915025068644
00:31.880,-0.28031474351882935,0.13233356549034433,15.160015225617798
00:32.099,-0.30676817893981934,0.1318118960286331,15.160783703056019
00:32.292,-0.2917095720767975,0.13121989170126222,15.162595332750417
00:32.462,-0.32322245836257935,0.13073357506066818,15.164505799475375
00:32.614,-0.2759530544281006,0.13060124018186178,15.164985219527837
00:32.774,-0.16128487884998322,0.13113956476260785,15.162236697575054
00:32.919,-0.021404016762971878,0.13148825966483565,15.159863027817549
00:33.057,-0.02177758887410164,0.13195398428981672,15.156656725035795
00:33.191,0.07405848056077957,0.13235988219565517,15.153431052532216
00:33.322,0.12864671647548676,0.13219418565663726,15.152677947278995
00:33.450,0.16082654893398285,0.13209616604148355,15.151790152551097
00:33.580,0.06137452647089958,0.1322988758914971,15.149551137295989
00:33.707,0.10884455591440201,0.1323492462033196,15.14791602356639
00:33.854,0.11685553938150406,0.13247595341133472,15.145894421209752
00:33.983,0.09799263626337051,0.13325827268371623,15.140394979088777
00:34.113,0.06804860383272171,0.13329633603505014,15.1381154811799
00:34.244,0.14885665476322174,0.1332873365321202,15.13611393306191
00:34.378,-0.1278134435415268,0.13343406172497527,15.13341253975572
00:34.504,-0.0027994406409561634,0.13296493026278686,15.13357128578015
00:34.639,-0.18086521327495575,0.1326506566358552,15.133454157202134
00:34.794,-0.15042920410633087,0.13267205708250973,15.131868741481922
00:35.029,-0.24456848204135895,0.13268236993680424,15.13022186733373
00:35.296,-0.22917838394641876,0.13268481047023845,15.127719680600357
00:35.574,-0.16304095089435577,0.13319073659616515,15.122237712540322
00:35.839,-0.06155993416905403,0.133215550754293,15.11882394128629
00:36.121,0.05441619083285332,0.13346610261231975,15.114281547157663
00:36.396,0.23194260895252228,0.13402672843423485,15.107653392441897
00:36.663,0.29018497467041016,0.13549772346565644,15.095578053197707
00:36.937,0.5955613851547241,0.1341935165301178,15.096980247877937
00:37.212,0.347359299659729,0.1382370930770268,15.070992223090144
00:37.726,0.25647929310798645,0.1442942564007757,15.02895300078113
00:37.928,0.14282594621181488,0.13734135337679448,15.046767700703018
00:38.094,-0.2532210946083069,0.14296735044550551,15.013970930632718
00:38.257,-0.6656244397163391,0.14563180831625447,14.993113837569446
00:38.413,-0.7786186337471008,0.14611593586255137,14.9807224538125
00:38.569,-0.7316588759422302,0.14546410287075098,14.97473020843125
00:38.717,-0.5451313257217407,0.14672109659589866,14.960317187588126
00:38.874,-0.6232076287269592,0.1532303676113579,14.920125468829314
00:39.060,-0.8975546956062317,0.15914955338467685,14.876942921946384
00:39.222,-0.7327417731285095,0.15203788038904,14.891798629751746
00:39.382,-0.7751292586326599,0.1460061448169272,14.910938766776571
00:39.540,-0.500365674495697,0.15104731660312803,14.880834890098916
00:39.706,-0.44160300493240356,0.15747753070229895,14.840431401089024
00:39.860,-0.15612666308879852,0.16069806743404264,14.809728260980123
00:40.049,0.009171705693006516,0.16282685496972732,14.78369543488211
00:40.333,0.265093594789505,0.1513320592895735,14.821955891393898
00:40.638,0.4525359272956848,0.1523003302116142,14.80765030225451
00:40.899,0.46231943368911743,0.1416558749025551,14.85914527202906
00:41.168,0.6004757285118103,0.1432755986223071,14.857440744826153
00:41.442,0.40018153190612793,0.14493756657874662,14.852796670343539
00:41.718,0.620727002620697,0.14934805804683166,14.830167003309185
00:42.005,0.17371775209903717,0.15163373590243992,14.813780302978268
00:42.230,0.1545019894838333,0.147335692707619,14.831122272680442
00:42.421,-0.3056619167327881,0.1399578696023342,14.870340045412398
00:42.609,-0.5033688545227051,0.1417212210940587,14.869136040871158
00:42.748,-0.5275631546974182,0.1434926061455094,14.865592436784043
00:42.878,-0.5286015868186951,0.13211161528093146,14.92338319310564
00:43.011,-0.6574676036834717,0.12867802843935497,14.950404873795076
00:43.146,-0.4199427366256714,0.1262282963763124,14.97580438641557
00:43.265,-0.6292153000831604,0.13526901346158657,14.946433947774015
00:43.391,-0.7514216303825378,0.13257427360106896,14.965560552996614
00:43.515,-0.6650797724723816,0.13107388593473185,14.980484497696953
00:43.652,-0.693662703037262,0.12933990396433276,14.997406047927258
00:43.783,-0.6714068651199341,0.1296950049361535,15.006105443134533
00:43.919,-0.6338993906974792,0.13211392554749668,15.00361489882108
00:44.053,-0.5223930478096008,0.13388133950839287,15.002213408938973
00:44.180,-0.43119773268699646,0.13492156592986007,15.002422068045075
00:44.312,-0.06636189669370651,0.14658574979445865,14.950679861240566
00:44.474,-0.10959150642156601,0.14424681865529634,14.95685187511651
00:44.645,0.13731490075588226,0.14142361224565644,14.967516687604858
00:44.840,0.12477431446313858,0.14927873844865283,14.926625018844373
00:45.028,0.43918389081954956,0.15450186898178006,14.890552516959936
00:45.268,0.5041996836662292,0.14832343293728978,14.909027265263944
00:45.543,0.41119542717933655,0.14364518966178227,14.92666453873755
00:45.809,0.24076218903064728,0.14879140622134693,14.897158084863795
00:46.091,0.26161178946495056,0.14379378389126574,14.917222276377416
00:46.387,-0.082293801009655,0.14066123710372422,14.935000048739674
00:46.677,-0.08362989872694016,0.14615447214801072,14.908640043865708
00:46.992,-0.34973520040512085,0.1479005978619841,14.895156039479136
00:47.270,-0.8788450360298157,0.138927739889081,14.940840435531223
00:47.514,-0.7182297110557556,0.14254407841568123,14.9286363919781
00:47.725,-0.946951150894165,0.13372445666830332,14.977142752780292
00:47.907,-0.9083256125450134,0.1283868829566532,15.016088477502263
00:48.059,-0.9111217856407166,0.14245665424555906,14.959109629752037
00:48.195,-0.5751428604125977,0.14341653873087085,14.954008666776833
00:48.336,-0.18834565579891205,0.15664597279262404,14.88900780009915
00:48.483,-0.025007087737321854,0.15683532080530616,14.876667020089236
00:48.605,-0.06395139545202255,0.16611907030861256,14.820160318080314
00:48.732,0.13589979708194733,0.17233714590823973,14.774954286272282
00:48.864,0.2778250575065613,0.17482536558414877,14.742178857645055
00:48.988,0.2680961489677429,0.17675915025522132,14.71296097188055
00:49.115,0.31350207328796387,0.16589140864327725,14.744294874692494
00:49.241,0.38724619150161743,0.15768187650679874,14.771705387223244
00:49.371,0.3348344564437866,0.15039554596467464,14.80137484850092
00:49.525,0.29296618700027466,0.15384498478155473,14.785197363650829
00:49.689,0.3475780487060547,0.1558500767346043,14.773217627285746
00:49.816,0.29913055896759033,0.1460591395788829,14.817855864557172
00:49.942,0.018490295857191086,0.14859304214993116,14.810040278101456
00:50.068,-0.038162875920534134,0.14942555831296062,14.80825625029131
00:50.227,-0.07987164705991745,0.1384484182413705,14.86208062526218
00:50.470,-0.15587861835956573,0.1308439090237416,14.914722562735962
00:50.720,-0.2495216578245163,0.12706464094639586,14.961790306462365
00:51.011,-0.2176334112882614,0.123901309938202,15.00799127581613
00:51.262,-0.26000744104385376,0.12228837941570284,15.052522148234516
00:51.527,-0.35124149918556213,0.12067999252816128,15.092189933411063
00:51.781,-0.2804068326950073,0.12968575239609725,15.071910940069957
00:52.029,-0.18988211452960968,0.12623165951162799,15.105089846062963
00:52.279,-0.12423311918973923,0.13442735174113093,15.077280861456666
00:52.516,-0.09003960341215134,0.14092199276521125,15.046562775311
00:52.722,0.14161063730716705,0.13534332759879458,15.0723664977799
00:52.909,0.18088127672672272,0.13144265253125254,15.095269848001909
00:53.051,0.3119795322418213,0.1388074341819528,15.063862863201718
00:53.187,0.3184671401977539,0.13329903774464325,15.089146576881546
00:53.331,0.1938128024339676,0.14005241184501416,15.059511919193394
00:53.465,0.34679436683654785,0.13510535048212405,15.080970727274055
00:53.601,0.23530961573123932,0.13117039170704275,15.101323654546649
00:53.752,-0.049899984151124954,0.13919953681599517,15.066951289091985
00:53.890,-0.017188120633363724,0.13332565664292007,15.093496160182788
00:54.030,-0.16248448193073273,0.14015847104289383,15.06301654416451
00:54.156,-0.30059343576431274,0.14478259831190088,15.03753488974806
00:54.284,-0.3923899531364441,0.1490410261821322,15.011421400773255
00:54.414,-0.2598710060119629,0.1408503156814427,15.04165926069593
00:54.543,-0.30022069811820984,0.13483007813356931,15.068023334626337
00:54.672,-0.33724483847618103,0.14150421822689488,15.038211001163704
00:54.797,-0.19989363849163055,0.13581133624908098,15.062519901047335
00:54.932,-0.18210874497890472,0.13078563833058798,15.088087910942601
00:55.075,-0.2625541687011719,0.1378029656791416,15.05948911984834
00:55.207,-0.11991851776838303,0.14301088654578445,15.033710207863507
00:55.409,-0.056770969182252884,0.1353213938386428,15.066289187077157
00:55.646,-0.0873352512717247,0.1402358215163779,15.042870268369441
00:55.878,-0.031712789088487625,0.14359643755213122,15.021053241532499
00:56.105,-0.010137904435396194,0.14512101349586823,15.00532791737925
00:56.370,0.04700763151049614,0.13581771726704384,15.046435125641324
00:56.645,-0.021161366254091263,0.12956492720426824,15.085651613077193
00:56.950,0.11839879304170609,0.13435503667085347,15.071146451769476
00:57.207,0.1351427584886551,0.12743328761004957,15.115141806592527
00:57.464,0.11791229993104935,0.13187322064685517,15.103097625933275
00:57.676,0.12742473185062408,0.12529426921689238,15.144107863339949
00:57.879,0.13190199434757233,0.13061342105649132,15.127207077005954
00:58.067,-0.1141945943236351,0.13452522417321836,15.11075636930536
00:58.221,0.05961788818240166,0.12652914547542632,15.150430732374826
00:58.372,-0.12089359015226364,0.12076189630624079,15.184337659137343
00:58.548,-0.13745959103107452,0.12717213102518923,15.16340389322361
00:58.753,-0.05522798374295235,0.12232995645776368,15.19346350390125
00:58.917,-0.18708978593349457,0.1295579823784426,15.166597153511125
00:59.088,-0.12808339297771454,0.1354365941934599,15.138657438160013
00:59.269,-0.3027793765068054,0.13966167164676874,15.112621694344012
00:59.469,-0.19212143123149872,0.14274222250535845,15.08804952490961
00:59.658,-0.18619133532047272,0.13486184623382572,15.116814572418651
00:59.837,-0.2593008577823639,0.1294500831537633,15.141683115176786
01:00.035,-0.05760155990719795,0.12564814421833873,15.164134803659106
01:00.220,-0.1662365347146988,0.12251019933397697,15.186951323293195
01:00.418,-0.05388202145695686,0.12981150870754676,15.158816190963876
01:00.714,0.13624022901058197,0.1357306280378602,15.128624571867489
01:01.010,0.09571198374032974,0.1391528370878892,15.10105211468074
01:01.296,0.2508794069290161,0.13285232777958378,15.124426903212665
01:01.580,0.3773397207260132,0.13823060975339185,15.092424212891398
01:01.863,0.15398146212100983,0.13226915142984183,15.11639179160226
01:02.192,0.12262607365846634,0.13744491927098404,15.087102612442035
01:02.479,0.021319281309843063,0.1318664505605831,15.11092235119783
01:02.746,-0.06693192571401596,0.12810919903761114,15.133010116078047
01:02.986,-0.19825132191181183,0.12515035369642896,15.154329104470243
01:03.151,-0.3112871050834656,0.1320922287630577,15.12502619402322
01:03.294,-0.43326708674430847,0.1371251053551036,15.0991235746209
01:03.467,-0.36783191561698914,0.14091137509709642,15.075251217158812
01:03.605,-0.3012828826904297,0.14411632130751156,15.05018609544293
01:03.755,-0.3489311933517456,0.13589376646583365,15.080527485898639
01:03.883,-0.2027958482503891,0.14178357588300255,15.048784737308775
01:04.006,-0.22153042256832123,0.14546166695943352,15.024676263577899
01:04.130,-0.16848991811275482,0.14726219634600166,15.007628637220108
01:04.258,-0.24622784554958344,0.14893093240017893,14.989715773498098
01:04.399,-0.14808951318264008,0.14887623361614566,14.979064196148288
01:04.523,-0.10442417114973068,0.1487922019991497,14.96907777653346
01:04.656,0.02726210281252861,0.1362800179760318,15.019449998880114
01:04.798,-0.10011201351881027,0.13739957021877208,15.014294998992105
01:04.929,0.14662040770053864,0.13834898185341948,15.009045499092895
01:05.059,0.16509081423282623,0.12709770112404142,15.061800949183606
01:05.186,0.15640373528003693,0.12964955077735338,15.056670854265246
01:05.319,0.17861296236515045,0.1320905853644639,15.049743768838722
01:05.448,0.28961360454559326,0.12359751011144375,15.093579391954849
01:05.667,0.19500382244586945,0.11700870318875929,15.134041452759364
01:05.921,0.11478812247514725,0.12454008681010877,15.117047307483428
01:06.203,0.05531258508563042,0.12079437547282777,15.150092576735087
01:06.441,0.03009391948580742,0.1284672502533868,15.12456331906158
01:06.681,0.008756887167692184,0.12417991595278456,15.15139698715542
01:06.930,-0.19356583058834076,0.13138715161236614,15.121157288439878
01:07.178,-0.2252730280160904,0.12636358960790614,15.14716155959589
01:07.429,-0.2682391405105591,0.12289730508878213,15.171035403636303
01:07.688,-0.26025137305259705,0.13103712515152338,15.135501863272673
01:07.882,-0.2722850441932678,0.13667391751042066,15.102421676945406
01:08.094,0.008474420756101608,0.13471750295720372,15.104629509250865
01:08.246,0.07636458426713943,0.1372675322635322,15.085746558325779
01:08.394,-0.10608907788991928,0.14087152884688414,15.061821902493202
01:08.544,0.10524103790521622,0.14255603817451648,15.045189712243882
01:08.691,0.07757008820772171,0.13829154583008946,15.056190741019496
01:08.824,0.1379590779542923,0.13542888768845412,15.064761666917548
01:08.962,0.06658519059419632,0.13907175145642517,15.044455500225792
01:09.090,0.07421094924211502,0.1352616780505027,15.057579950203213
01:09.236,0.27002134919166565,0.13859499168311454,15.039611955182892
01:09.368,0.07714221626520157,0.13468040555445687,15.053820759664603
01:09.504,0.013087432831525803,0.13786936307234898,15.037128683698143
01:09.636,0.04338265582919121,0.13431357526852938,15.050515815328328
01:09.766,0.11050475388765335,0.13136793882673234,15.063804233795496
01:09.898,-0.01967676356434822,0.13550639897211283,15.045333810415945
01:10.026,0.024626027792692184,0.13201603571173093,15.060290429374351
01:10.161,0.12097055464982986,0.12932648530438604,15.074131386436918
01:10.309,-0.0012489748187363148,0.13393052330084365,15.054898247793226
01:10.442,-0.07264139503240585,0.13705375845602905,15.038678423013902
01:10.586,-0.05325629189610481,0.13309804421040178,15.054580580712512
01:10.806,-0.020445186644792557,0.13064274299770073,15.06690252264126
01:11.045,-0.06040816381573677,0.128898212772655,15.079282270377135
01:11.291,0.03773791715502739,0.12766673036916845,15.091164043339422
01:11.530,0.0066626775078475475,0.1323605858507702,15.07181763900548
01:11.767,0.06235833093523979,0.12983622131788988,15.084855875104934
01:12.043,-0.10988878458738327,0.12828626985974745,15.09575028759444
01:12.287,0.02494780346751213,0.12756981299863815,15.104575258834995
01:12.514,0.02045602723956108,0.12688129741811954,15.112797732951496
01:12.743,0.07407916337251663,0.13231616885163675,15.088387959656346
01:12.943,-0.10861893743276596,0.13089296569535971,15.093519163690713
01:13.138,0.02873934432864189,0.13586089595157178,15.067157247321642
01:13.325,-0.00030906917527318,0.13356866276215743,15.073171522589478
01:13.477,0.059475790709257126,0.13178342029287046,15.079404370330531
01:13.645,0.09008271247148514,0.13745557976517092,15.051063933297478
01:13.790,0.16400142014026642,0.14069999395888683,15.028587539967731
01:13.933,0.12508948147296906,0.13741982921403564,15.036818785970958
01:14.068,-0.018702227622270584,0.13491380993242658,15.044496907373862
01:14.223,-0.11432196944952011,0.13292268008051303,15.051967216636475
01:14.366,-0.06440889090299606,0.13750070673268147,15.028680494972829
01:14.512,-0.26784905791282654,0.14015703679022376,15.011852445475547
01:14.661,-0.16862915456295013,0.14200337006211722,14.996117200927992
01:14.817,-0.2519518733024597,0.1374432043544873,15.010995480835193
01:14.954,-0.18018095195293427,0.13371535490095077,15.025975932751674
01:15.087,-0.014924127608537674,0.13750829774357562,15.007698339476507
01:15.222,-0.03408472612500191,0.1398441227173846,14.993548505528857
01:15.367,-0.051734913140535355,0.13574074728248844,15.008783654975971
01:15.501,0.10663766413927078,0.13204677611272128,15.025605289478374
01:15.673,0.0716869905591011,0.13555703557188956,15.010284760530537
01:15.860,0.011172723025083542,0.13175154664496533,15.027946284477483
01:16.122,0.04678697511553764,0.128947638784145,15.045311656029735
01:16.361,0.022381197661161423,0.1276762706421582,15.059470490426762
01:16.719,-0.03272377327084541,0.1263149942772305,15.074263441384085
01:17.106,-0.07182871550321579,0.1313040848055495,15.056537097245677
01:17.397,0.1042904332280159,0.13424554856836962,15.039973387521108
01:17.662,-0.09706609696149826,0.13669085104223316,15.023896048768998
01:17.909,0.1674043983221054,0.13304614991772773,15.0380564438921
01:18.100,0.10186580568552017,0.13096133455107914,15.04887079950289
01:18.311,0.01174689456820488,0.12884087998730215,15.061363719552602
01:18.486,0.10889682918787003,0.13343938502072855,15.041427347597343
01:18.634,0.02684379741549492,0.1314647143123895,15.05012461283761
01:18.779,-0.03805338218808174,0.13038903650903885,15.05598215155385
01:18.936,0.01029692217707634,0.13557340342035132,15.032083936398466
01:19.088,0.04906107112765312,0.1335174418398238,15.03909554275862
01:19.222,0.017132412642240524,0.1383434438008796,15.01471598848276
01:19.359,-0.009183455258607864,0.1419626859256628,14.992664389634484
01:19.510,-0.011719871312379837,0.13742407137178325,15.007287950671037
01:19.648,-0.10258745402097702,0.14022227162175407,14.989919155603932
01:19.786,-0.09930720180273056,0.13626817837985497,15.00364724004354
01:19.926,-0.031487781554460526,0.13286370612814613,15.018152516039185
01:20.066,-0.12099834531545639,0.12950477540785377,15.035197264435267
01:20.208,-0.019807148724794388,0.13318533604923272,15.02077753799174
01:20.347,-0.042880941182374954,0.13004118021351013,15.036329784192567
01:20.482,-0.03603183105587959,0.13392662117894635,15.020256805773311
01:20.662,0.050954800099134445,0.1302196388433204,15.03791112519598
01:20.807,0.0022995579056441784,0.13361099171194188,15.023860012676382
01:21.008,0.0392029695212841,0.1361119726152328,15.011184011408744
01:21.238,-0.03151356056332588,0.13742045518897553,15.000705610267872
01:21.468,0.08645132929086685,0.13839690853343276,14.990455049241085
01:21.699,0.028534840792417526,0.13358082895446588,15.010459544316976
01:21.945,-0.1034947857260704,0.13010673475744744,15.029683589885279
01:22.171,0.031999360769987106,0.13317182595371715,15.018075230896752
01:22.415,-0.0033298623748123646,0.13504076225639794,15.008707707807078
01:22.633,-0.18086545169353485,0.13610992209018977,15.00102693702637
01:22.854,0.03676356002688408,0.1311293483570018,15.024534243323734
01:23.049,-0.050003159791231155,0.12749024909123802,15.047030818991361
01:23.237,-0.19704292714595795,0.13065664316683465,15.037107737092226
01:23.432,-0.1321669965982437,0.12817228749723628,15.052356963383003
01:23.607,-0.1120937392115593,0.13222670699477096,15.036461267044704
01:23.755,-0.045892585068941116,0.1349351589313104,15.023125140340234
01:23.936,-0.15699870884418488,0.13134643352419506,15.038642626306212
01:24.090,-0.04481034353375435,0.13177010714169973,15.037798363675591
01:24.236,-0.22987087070941925,0.13209191439063903,15.036838527308033
01:24.378,-0.17869631946086884,0.12897154144205125,15.05229467457723
01:24.516,-0.09522589296102524,0.12704849688294162,15.064325207119508
01:24.658,-0.08270876854658127,0.1295193310237886,15.056422686407558
01:24.813,-0.061738599091768265,0.12858104996997877,15.062930417766802
01:24.955,0.18639542162418365,0.13255541537045434,15.046057375990124
01:25.113,0.170517697930336,0.1311459760472308,15.052041638391112
01:25.262,0.21131540834903717,0.13012102241103568,15.057467474552002
01:25.409,0.19873638451099396,0.13442787356808963,15.037370727096802
01:25.546,0.03879357501864433,0.13779200609406864,15.018593654387121
01:25.686,0.034904610365629196,0.1403006728828462,15.001554288948409
01:25.834,-0.017572540789842606,0.14252228872284645,14.984078860053568
01:26.011,-0.009700614959001541,0.13893343503428782,14.992970974048212
01:26.235,-0.07191850990056992,0.13592341524864546,15.001973876643392
01:26.501,-0.08780159801244736,0.137369859936783,14.990876488979053
01:26.741,-0.14744995534420013,0.13809050150463653,14.981368840081148
01:26.976,-0.0340530164539814,0.1338082798459079,14.999151956073032
01:27.196,-0.030552256852388382,0.13063258068682826,15.01668676046573
01:27.420,0.02776939794421196,0.1281606694661347,15.034108084419158
01:27.647,0.09794134646654129,0.13058588914456637,15.027987275977242
01:27.874,-0.003568668384104967,0.1277438517639742,15.046458548379517
01:28.089,0.008582662791013718,0.12582404517909693,15.063072693541566
01:28.293,0.18616564571857452,0.12870112339221562,15.055425424187408
01:28.480,0.07222748547792435,0.12672517726183916,15.069412881768667
01:28.638,0.0517127625644207,0.12518022389593714,15.0819915935918
01:28.792,0.15096820890903473,0.12432498068311314,15.091362434232622
01:28.946,-0.048793066293001175,0.12875299330025036,15.07508619080936
01:29.100,0.13549621403217316,0.1320845743386202,15.060007571728425
01:29.247,0.03564978763461113,0.1345592793343703,15.046086814555583
01:29.401,0.013593267649412155,0.13690462481283386,15.030888133100024
01:29.564,-0.026101339608430862,0.13396327899226249,15.040009319790022
01:29.708,-0.12239178270101547,0.1319783462670271,15.04698838781102
01:29.843,-0.2603430151939392,0.1347418891892407,15.03292954902992
01:29.976,-0.05145259574055672,0.13163323804875685,15.045046594126926
01:30.113,-0.23276765644550323,0.12924243339547503,15.056211934714234
01:30.248,-0.20229847729206085,0.13241207373062006,15.04244074124281
01:30.382,-0.17343638837337494,0.1304252809806832,15.05097666711853
01:30.517,-0.2541506290435791,0.1288396577629094,15.059149000406677
01:30.671,-0.22196181118488312,0.13282371476817095,15.041614100366012
01:30.807,-0.200052872300148,0.13079609133083284,15.049942690329411
01:30.967,-0.16160495579242706,0.1340464052789936,15.03441842129647
01:31.179,-0.27238160371780396,0.1365154920287856,15.018866579166824
01:31.400,-0.37480756640434265,0.13757707597931812,15.006819921250141
01:31.626,-0.2181556075811386,0.13404288603526635,15.018317929125129
01:31.846,-0.1975385695695877,0.1353470172408912,15.008886136212617
01:32.067,-0.24766306579113007,0.1318932082106316,15.023377522591355
01:32.323,-0.21079204976558685,0.1343005713420369,15.01116977033222
01:32.558,-0.20455773174762726,0.13528258714832753,15.003112793298998
01:32.832,-0.2124754935503006,0.13167217459619257,15.019061513969099
01:33.048,-0.23016665875911713,0.13319228970585212,15.01210536257219
01:33.236,-0.13659505546092987,0.13390905238875686,15.00772482631497
01:33.402,-0.14605827629566193,0.1294453740982182,15.029222343683474
01:33.571,-0.1739642471075058,0.12658391355205548,15.046630109315126
01:33.734,-0.2300174981355667,0.12878565518702775,15.041077098383614
01:33.897,-0.21476654708385468,0.13014209440897792,15.037259388545252
01:34.045,-0.2351294308900833,0.1264553424036845,15.057223449690728
01:34.189,-0.21742086112499237,0.12398086824523123,15.073541104721656
01:34.336,-0.32909587025642395,0.12238239918922604,15.087416994249491
01:34.483,-0.2880135178565979,0.12609419763411825,15.076415294824542
01:34.635,-0.2608807682991028,0.12901094938304564,15.06561376534209
01:34.769,-0.2312040776014328,0.12678012924869828,15.077472388807882
01:34.918,-0.3149617314338684,0.13039747661651843,15.062425149927094
01:35.077,-0.45167022943496704,0.13311061837304947,15.048562634934386
01:35.213,-0.3687611520290375,0.13036330604426247,15.059166371440948
01:35.351,-0.4319356381893158,0.13319892730788363,15.045139734296853
01:35.494,-0.27105244994163513,0.13564700823972445,15.030515760867168
01:35.645,-0.14634273946285248,0.133609677496593,15.035754184780451
01:35.793,-0.12507198750972748,0.13641179190585023,15.019578766302406
01:35.928,-0.11226999014616013,0.1339471072945546,15.026690889672166
01:36.118,-0.14983923733234406,0.13641674883924995,15.012301800704948
01:36.371,-0.13840509951114655,0.1374679109120959,15.000721620634454
01:36.620,0.03434078022837639,0.13350702036039713,15.01400945857101
01:36.850,0.10030568391084671,0.1304314376630605,15.028478512713908
01:37.062,-0.02287699654698372,0.13226071541450668,15.020470661442518
01:37.293,-0.025282133370637894,0.1331126153267548,15.015373595298266
01:37.511,0.1430196315050125,0.13366857648110406,15.01076623576844
01:37.731,0.020318161696195602,0.134349150211412,15.005049612191597
01:37.953,0.036599647253751755,0.13469161768449764,15.000474650972437
01:38.192,-0.05252169445157051,0.13044775060928016,15.020047185875194
01:38.383,-0.15727858245372772,0.1317468594038927,15.015492467287675
01:38.568,-0.38702392578125,0.12779623466959333,15.036103220558907
01:38.742,-0.3476372957229614,0.1292091383530531,15.033372898503018
01:38.917,-0.4345628619194031,0.12555744824418288,15.053935608652715
01:39.062,-0.3657255470752716,0.12428528738746969,15.066252047787444
01:39.210,-0.32164520025253296,0.1241342600133849,15.0725968430087
01:39.348,-0.3332408666610718,0.1288885931845657,15.05476715870783
01:39.501,-0.24514269828796387,0.12818770118671288,15.059200442837048
01:39.644,-0.19400806725025177,0.1325375007649513,15.039460398553341
01:39.776,-0.1715996116399765,0.1312461468173184,15.043724358698007
01:39.909,-0.17967350780963898,0.13031732431589566,15.047351922828206
01:40.040,0.10756406933069229,0.13380462110041538,15.030456730545385
01:40.173,0.13654686510562897,0.13135974436883063,15.039471057490847
01:40.299,0.14496280252933502,0.12975860133225825,15.046393951741763
01:40.433,0.07342702895402908,0.1333966231873229,15.029414556567588
01:40.581,0.073461152613163,0.13669650851188325,15.01136310091083
01:40.712,0.05002252385020256,0.13425921322164874,15.017996790819748
01:40.845,-0.0005411398597061634,0.13259780161853119,15.023347111737774
01:40.972,0.10859442502260208,0.13112851431552028,15.029172400563997
01:41.100,0.09256631880998611,0.13455084528675695,15.012695160507597
01:41.317,0.0897451713681221,0.13640591148215253,15.000945644456838
01:41.564,0.01452941820025444,0.13320827156488668,15.011431080011153
01:41.819,0.03126148506999016,0.1310008621383224,15.021167972010039
01:42.098,0.09947419911623001,0.1292396142142707,15.031721174809036
01:42.319,-0.03377525880932808,0.12767253656040223,15.043629057328133
01:42.550,0.08269596844911575,0.13070116396425466,15.03170615159532
01:42.777,-0.07279758900403976,0.132273390514537,15.023495536435789
01:43.022,-0.11103915423154831,0.1294956794619019,15.03659598279221
01:43.240,-0.16686229407787323,0.13181447443645306,15.02587638451299
01:43.428,-0.14637987315654755,0.13346841015173286,15.01598874606169
01:43.618,-0.20952515304088593,0.13476574757647677,15.006699871455522
01:43.812,-0.2510043978691101,0.13569414614870087,14.99816988430997
01:43.962,-0.0017500710673630238,0.13633754152192606,14.990382895878973
01:44.128,-0.11639013141393661,0.13238199601533654,15.005874606291076
01:44.288,-0.0045449030585587025,0.12911315444124188,15.021937145661969
01:44.444,0.0321621410548687,0.13136904030132762,15.013303431095773
01:44.603,0.18441732227802277,0.12862681893402605,15.027013087986195
01:44.737,0.28816527128219604,0.12671389037575548,15.039321779187576
01:44.876,0.31544166803359985,0.12968708624124523,15.028589601268818
01:45.021,0.2021806389093399,0.13193022323456804,15.018950641141938
01:45.148,0.15055115520954132,0.13431283010641673,15.006685577027744
01:45.280,0.26459604501724243,0.13669492779534312,14.99293701932497
01:45.427,0.035576384514570236,0.13415617701539068,15.001123317392473
01:45.559,-0.083156518638134,0.13151419222741917,15.011930985653226
01:45.686,-0.14893795549869537,0.13394801822267036,15.000457887087904
01:45.819,-0.16885481774806976,0.13136970774093298,15.011162098379113
01:45.950,-0.22587399184703827,0.13438720525628098,14.997035888541204
01:46.087,-0.2546660900115967,0.13643669953207052,14.985282299687084
01:46.214,-0.2758643329143524,0.13326657173555448,14.997104069718377
01:46.413,-0.23594842851161957,0.13118830954424643,15.006263662746539
01:46.655,-0.09711017459630966,0.13394475347961746,14.992977296471885
01:46.886,-0.061408091336488724,0.13585985505217735,14.980419566824697
01:47.113,0.13228847086429596,0.13701228959605802,14.969857610142228
01:47.355,0.14482827484607697,0.13775703754058696,14.960741849128006
01:47.628,0.40361762046813965,0.13342219266996153,14.978267664215206
01:47.931,0.3441697955131531,0.13445900943496855,14.972670897793687
01:48.189,0.30840033292770386,0.13104042557586695,14.990853808014318
01:48.417,0.3352994918823242,0.12911206926948696,15.004978427212887
01:48.618,0.04190690442919731,0.12852475441615488,15.012940584491599
01:48.802,-0.008734989911317825,0.12724665677964592,15.02420652604244
01:48.955,0.09072864800691605,0.1263679005128471,15.033855873438196
01:49.088,-0.2323656529188156,0.12542221152218003,15.043200286094375
01:49.221,-0.25312745571136475,0.12996550258884795,15.02610025748494
01:49.368,-0.2976212501525879,0.13381157513061154,15.008630231736445
01:49.497,-0.4097965359687805,0.1364890715776804,14.9934572085628
01:49.622,-0.3653044104576111,0.13574126915207022,14.99336148770652
01:49.750,-0.28474098443984985,0.14016840050531434,14.969245338935869
01:49.887,-0.366350382566452,0.14340674106304233,14.947750805042283
01:50.014,-0.3356850743293762,0.14169382867093938,14.947235724538055
01:50.137,-0.2810295522212982,0.13973805624254312,14.95031215208425
01:50.258,-0.17622534930706024,0.14257042711874002,14.932490936875825
01:50.398,-0.08621560782194138,0.13979217426955004,14.939461843188242
01:50.528,0.004925440531224012,0.13658548174818236,14.950535658869418
01:50.654,0.16599370539188385,0.1341052518302756,14.960892092982476
01:50.778,0.12184084206819534,0.13602679078247326,14.952142883684228
01:50.897,0.19145838916301727,0.13687417841164023,14.947118595315805
01:51.018,0.1441684514284134,0.13732614832174628,14.943536735784225
01:51.136,0.2088654786348343,0.13345142999548526,14.960173062205802
01:51.255,0.16589106619358063,0.13464221544912777,14.955615755985223
01:51.509,0.1667950302362442,0.13602440912544297,14.9491841803867
01:51.761,0.13823802769184113,0.13235657222264288,14.96790576234803
01:52.032,0.39773714542388916,0.1300132856886751,14.984395186113227
01:52.301,0.36275506019592285,0.13181973176288728,14.981025667501905
01:52.566,0.2822198271751404,0.1289308748601719,15.000743100751714
01:52.828,0.40579330921173096,0.12755145874133195,15.015268790676544
01:53.092,0.2809092402458191,0.13179574932332466,15.000091911608889
01:53.368,0.37352454662323,0.13422357853286823,14.988292720448001
01:53.639,0.320554256439209,0.13183636938345006,14.999653448403201
01:53.844,0.36825472116470337,0.13491439917496617,14.984218103562881
01:54.018,0.4410017132759094,0.13213748203328168,14.996526293206594
01:54.156,0.42154353857040405,0.13058716200105638,15.005103663885937
01:54.301,0.3539806604385376,0.12877779887539745,15.015743297497345
01:54.444,0.41257667541503906,0.12759938706903576,15.024838967747609
01:54.582,0.4598624110221863,0.13165058602286933,15.009215070972848
01:54.717,0.24425984919071198,0.13021476494256976,15.016733563875563
01:54.869,0.30273181200027466,0.13354612215551762,15.002300207488007
01:55.006,0.15486569702625275,0.13132280509149716,15.012080186739206
01:55.141,0.21500851213932037,0.13455995241477264,14.997192168065286
01:55.284,0.13829006254673004,0.13678602725882474,14.984622951258757
01:55.415,0.051707278937101364,0.13845773728456792,14.972910656132882
01:55.549,-0.11303975433111191,0.13476990211946774,14.986229590519594
01:55.686,-0.1275382786989212,0.13663728888128435,14.975736631467635
01:55.833,-0.1324310451745987,0.1327672266239329,14.991612968320872
01:55.995,-0.15228743851184845,0.12974953956214821,15.006821671488785
01:56.508,-0.11347722262144089,0.13232850687269498,14.997109504339907
01:56.742,0.06845415383577347,0.13370918289513947,14.989438553905917
01:57.007,0.19746960699558258,0.1347066352470518,14.983244698515325
01:57.252,0.3675693869590759,0.13545815157250052,14.976890228663793
01:57.494,0.4967251420021057,0.1319725660916869,14.993121205797415
01:57.725,0.4664628505706787,0.13383397821983295,14.985049085217673
01:57.945,0.4991096258163452,0.1352710118997223,14.976854176695905
01:58.210,0.46794456243515015,0.137450296774231,14.963128759026315
01:58.480,0.3970566987991333,0.13666977649802572,14.962015883123684
01:58.672,0.2836136817932129,0.13840953184630372,14.948894294811314
01:58.859,0.07317400723695755,0.14072864239207356,14.932914865330183
01:59.037,-0.02231796458363533,0.13672154019930213,14.947323378797165
01:59.217,-0.20171470940113068,0.13772836806114652,14.940741040917448
01:59.362,-0.10667019337415695,0.137455702243785,14.939926936825703
01:59.536,-0.14815647900104523,0.13665002145518745,14.942304243143134
01:59.682,-0.15901057422161102,0.13157496169940106,14.966833818828821
01:59.864,-0.18692530691623688,0.12768765502887253,14.98980043694594
02:00.015,-0.17913661897182465,0.12466828582763897,15.012400393251346
02:00.174,-0.2678080201148987,0.12212329801418531,15.03389035392621
02:00.342,-0.17863477766513824,0.12050690931382756,15.05326131853359
02:00.482,-0.18777425587177277,0.1195060524372083,15.069925186680232
02:00.626,-0.1309947818517685,0.1187615015911914,15.08393266801221
02:00.769,-0.17713801562786102,0.11902917296888726,15.09326940121099
02:00.907,-0.040881264954805374,0.1239507475845117,15.079132461089891
02:01.078,-0.062237489968538284,0.1234033342152391,15.087089214980901
02:01.229,-0.017770547419786453,0.12356136964125457,15.092300293482811
02:01.377,0.07163126021623611,0.12890890355525622,15.071090264134531
02:01.580,0.08462405949831009,0.1328579245463753,15.051891237721078
02:01.810,0.1702425628900528,0.1354509622976116,15.033452113948972
02:02.047,0.2366371899843216,0.13303465670112222,15.038826902554074
02:02.367,0.11857164651155472,0.13152303743026994,15.042854212298668
02:02.675,0.27418041229248047,0.1340161353005371,15.025438791068801
02:03.001,0.12804384529590607,0.13552539410398778,15.010524911961923
02:03.226,0.16968686878681183,0.1325480528638799,15.02011242076573
02:03.459,0.06731397658586502,0.13048021118205577,15.029411178689157
02:03.662,-0.08677437156438828,0.12929154651224767,15.03671006082024
02:03.845,-0.1689603179693222,0.12790333620108907,15.045759054738216
02:04.030,-0.2310379147529602,0.13133861645449912,15.031303149264396
02:04.181,-0.27977854013442993,0.1336211723908362,15.019172834337956
02:04.332,-0.27166107296943665,0.13067301152874708,15.03120555090416
02:04.512,-0.3581814765930176,0.13391296932856553,15.015464995813744
02:04.650,-0.21066458523273468,0.13146301134562327,15.024868496232369
02:04.790,-0.15070267021656036,0.1297511877403047,15.032831646609132
02:04.929,-0.18111346662044525,0.13341757621388722,15.01611848194822
02:05.070,-0.05204145982861519,0.13131310536204804,15.024376633753398
02:05.212,-0.05773280933499336,0.13438604127320036,15.00926897037806
02:05.357,-0.10764317959547043,0.13200873217608006,15.018172073340253
02:05.496,-0.029993224889039993,0.1345921536350109,15.00497486600623
02:05.661,-0.07297732681035995,0.13149789028051154,15.017367379405608
02:05.795,-0.010201502591371536,0.13368349079805572,15.006450641465047
02:05.928,-0.022542763501405716,0.1309629439302033,15.017875577318543
02:06.075,0.1240004375576973,0.12872724041271777,15.02925801958669
02:06.208,0.1451311856508255,0.1313916583719119,15.01859221762802
02:06.340,0.04250950738787651,0.1331703101671562,15.010032995865219
02:06.495,0.07954085618257523,0.1347312469901422,15.001159696278696
02:06.729,-0.0009447229094803333,0.13590670100977867,14.991823726650829
02:07.009,0.014403712004423141,0.13208869661910536,15.006951353985746
02:07.256,0.0684666708111763,0.13370227208389285,14.997736218587171
02:07.508,0.02976078912615776,0.13452013108443525,14.990902596728453
02:07.793,0.13182391226291656,0.13427689555904304,14.988982337055608
02:08.049,0.0949033573269844,0.13004170596919382,15.009834103350048
02:08.291,-0.034738171845674515,0.13138053887580742,15.005800693015043
02:08.552,-0.01994042471051216,0.12769425229597273,15.027090623713539
02:08.771,-0.13918714225292206,0.12914591836083472,15.025101561342185
02:09.007,-0.2345244139432907,0.13005855033946992,15.023311405207966
02:09.179,-0.3302537202835083,0.1265394012333556,15.04378026468717
02:09.331,-0.34920305013656616,0.12844046180684782,15.038472238218453
02:09.465,-0.26372000575065613,0.12567139621559162,15.054115014396608
02:09.601,-0.29277360439300537,0.12403786497631239,15.065773512956948
02:09.738,-0.2725851535797119,0.12370618742204084,15.072436161661253
02:09.862,-0.2618960738182068,0.12317693457576279,15.079552545495128
02:09.988,-0.3541482985019684,0.12772243123658897,15.062547290945615
02:10.124,-0.0828009769320488,0.12672194929719952,15.068442561851054
02:10.255,-0.21270833909511566,0.12580851181011435,15.07481830566595
02:10.385,-0.22769124805927277,0.1255739290328468,15.078356475099355
02:10.529,-0.15135495364665985,0.13013097402142926,15.05895082758942
02:10.659,-0.0383785255253315,0.1295821712181135,15.060365744830479
02:10.789,-0.014541435986757278,0.12901176188327163,15.062379170347432
02:10.916,-0.001890708226710558,0.12871669241230768,15.063521253312688
02:11.039,-0.09049098938703537,0.12877385372910718,15.063189127981419
02:11.183,0.0314258448779583,0.1286148967679267,15.063830215183277
02:11.314,0.011813711374998093,0.1329112362466694,15.04293719366495
02:11.441,-0.038611847907304764,0.13644216417005578,15.022763474298456
02:11.617,0.019194435328245163,0.13437277200095302,15.02696712686861
02:11.887,0.04670025035738945,0.13664035380237508,15.00920041418175
02:12.150,0.06341952830553055,0.13787418911099164,14.991900372763576
02:12.425,0.03170968219637871,0.13800801131085252,14.980390335487218
02:12.700,-0.032699812203645706,0.13814727908345162,14.969461301938496
02:13.013,-0.19167064130306244,0.13365754588020942,14.985225171744647
02:13.274,-0.17413057386875153,0.13014721429331272,15.003192654570181
02:13.558,-0.2954903244972229,0.12732987602546306,15.022133389113165
02:13.794,-0.30846500396728516,0.1291739379584048,15.018480050201848
02:13.979,-0.3270092010498047,0.1305006551859251,15.014252045181664
02:14.157,-0.5669161081314087,0.12703063803724363,15.032856840663499
02:14.348,-0.5177664160728455,0.12963402190258375,15.023951156597148
02:14.487,-0.5807464718818665,0.13166340454031195,15.015016040937434
02:14.645,-0.5409150123596191,0.1337081506209399,15.004314436843691
02:14.786,-0.4369693994522095,0.13691537687650895,14.986282993159323
02:14.920,-0.43877750635147095,0.13506035162061375,14.990674693843392
02:15.050,-0.1516469568014145,0.13880649842200427,14.969767224459051
02:15.180,-0.04004402831196785,0.13667507209354293,14.974640502013148
02:15.321,-0.11205773800611496,0.1387658583807329,14.961106451811833
02:15.456,0.05241520330309868,0.1400561844410193,14.94945580663065
02:15.588,0.1490449458360672,0.13585447746433596,14.964090225967585
02:15.747,0.09086031466722488,0.13712318644887272,14.955541203370826
02:15.879,0.13978011906147003,0.13338770651634602,14.970557083033743
02:16.007,0.15441031754016876,0.13483103729895338,14.963691374730368
02:16.134,0.08197171241044998,0.13104784942837547,14.98076223725733
02:16.262,-0.010379243642091751,0.1327548200222236,14.974446013531598
02:16.394,-0.07119151204824448,0.1340844210048419,14.96858141217844
02:16.516,-0.21114055812358856,0.1348288755788095,14.964553270960595
02:16.685,-0.3154255151748657,0.13077401964857932,14.982827943864535
02:16.952,-0.3357127904891968,0.12770587058563987,15.001655149478083
02:17.188,-0.3596179485321045,0.12648592072313122,15.016459634530275
02:17.445,-0.36113741993904114,0.12570397875528086,15.028803671077247
02:17.719,-0.3677137792110443,0.13010321443706976,15.013513303969521
02:17.956,-0.3334804177284241,0.13316109235423215,14.998611973572569
02:18.195,-0.12396826595067978,0.13117423646576742,15.007300776215311
02:18.438,0.10450495034456253,0.13030575776205866,15.01268069859378
02:18.661,0.20744194090366364,0.12974183895307784,15.017392628734402
02:18.886,0.3280436396598816,0.1289295285282914,15.023773365860963
02:19.078,0.4161135256290436,0.12860934315654537,15.028296029274866
02:19.260,0.34279072284698486,0.1328892170743322,15.008876426347381
02:19.407,0.36453378200531006,0.13222573278087546,15.010298783712644
02:19.548,0.26261430978775024,0.13682623239896405,14.986988905341379
02:19.688,-0.047526765614748,0.1360541194692809,14.986170014807241
02:19.825,-0.05822216346859932,0.13989061044045084,14.963863013326517
02:19.956,-0.31636717915534973,0.13739959994117212,14.969576711993867
02:20.098,-0.619503915309906,0.13964151464908442,14.95493904079448
02:20.259,-0.4894813895225525,0.13754493660482892,14.959375136715032
02:20.394,-0.5002609491348267,0.14046598908376096,14.940527623043529
02:20.532,-0.5404016971588135,0.14014445382223314,14.936574860739176
02:20.671,-0.43231895565986633,0.1414260643559193,14.925027374665259
02:20.819,-0.32918810844421387,0.14261747149427245,14.913534637198733
02:20.950,-0.3317941427230835,0.14722271578543666,14.88429117347886
02:21.079,-0.19658662378787994,0.1459083852045927,14.881642056130975
02:21.234,-0.10121824592351913,0.14364216781997177,14.884737850517878
02:21.368,-0.1517440527677536,0.1416048083136467,14.88847406546609
02:21.507,0.02993239089846611,0.14375832378393857,14.87430665891948
02:21.641,0.1312650591135025,0.13950410771502772,14.889745993027532
02:21.829,0.20633746683597565,0.1405971717575358,14.88297139372478
02:22.062,0.2851502299308777,0.13675414822719362,14.899664254352302
02:22.302,0.12733973562717438,0.1383272878830453,14.892687828917072
02:22.526,0.12720347940921783,0.1387198859511641,14.890129046025367
02:22.786,-0.07554300874471664,0.13863900531122506,14.88985614142283
02:23.017,-0.07332964986562729,0.1385844576770337,14.889620527280547
02:23.249,-0.24322065711021423,0.13401325984807544,14.913978474552493
02:23.491,-0.42323315143585205,0.13434585054919038,14.917860627097244
02:23.738,-0.4983939528465271,0.1347750735513921,14.92047456438752
02:23.960,-0.5423319935798645,0.13488272436308663,14.923787107948769
02:24.159,-0.6030864119529724,0.135803594705233,14.922248397153894
02:24.357,-0.47411829233169556,0.132420634823432,14.941623557438504
02:24.532,-0.23784594237804413,0.13064345693687993,14.956101201694654
02:24.678,-0.19541512429714203,0.13374792644837394,14.94655108152519
02:24.823,0.1548585444688797,0.136467531836544,14.935665973372672
02:24.967,0.14760275185108185,0.1332256831022807,14.951519376035405
02:25.101,0.20780755579471588,0.13497813898302763,14.945667438431865
02:25.235,0.4587061405181885,0.13120091780994417,14.96487069458868
02:25.366,0.4513933062553406,0.1343893535780491,14.953423625129812
02:25.503,0.42573559284210205,0.13210889061144426,14.965691262616831
02:25.645,0.3657737970352173,0.13621769670101203,14.948892136355148
02:25.778,0.2785549759864807,0.14055025243356722,14.927472922719634
02:25.912,0.12273532897233963,0.1391133840317245,14.93084563044767
02:26.046,0.15240462124347687,0.14217699796346284,14.913841067402904
02:26.179,0.011828254908323288,0.13961504211997286,14.921796960662615
02:26.318,-0.1892251819372177,0.13676041211418888,14.933327264596354
02:26.456,-0.2522583603858948,0.13875103572480663,14.923784538136719
02:26.601,-0.16162045300006866,0.13552284677821197,14.937956084323048
02:26.760,-0.2802974283695221,0.13775905170355926,14.928310475890743
02:27.010,-0.27689117193222046,0.13963480958152635,14.917989428301668
02:27.249,-0.21011720597743988,0.14082098527088702,14.908120485471501
02:27.488,-0.2277158945798874,0.13680105381539714,14.92557843692435
02:27.706,-0.23839642107486725,0.1380643678241962,14.920060593231916
02:27.928,-0.07155244797468185,0.13835335296889262,14.918244533908725
02:28.160,-0.04073663428425789,0.13377976115534673,14.942010080517852
02:28.408,0.12559445202350616,0.13481530058173857,14.941729072466067
02:28.686,0.3120096027851105,0.13533323999428318,14.942616165219462
02:28.906,0.24060501158237457,0.13094393904808702,14.970124548697516
02:29.105,0.12138382345438004,0.1318583369417001,14.972562093827765
02:29.302,0.26526331901550293,0.12802012347711753,14.997405884444989
02:29.470,0.03236730024218559,0.13075706799323145,14.99214529600049
02:29.619,-0.016204554587602615,0.1319985358805113,14.990540766400441
02:29.756,-0.22869046032428741,0.13306070699190473,14.987946689760397
02:29.896,-0.2267632633447647,0.13427135446223806,14.983722020784358
02:30.043,-0.37983065843582153,0.13059554214502042,15.002099818705922
02:30.173,-0.3720078468322754,0.13298812242287672,14.994029836835331
02:30.378,-0.3410998582839966,0.1302877024890517,15.008316853151799
02:30.510,-0.38681066036224365,0.13327001482292622,14.99774516783662
02:30.641,-0.2684555649757385,0.135985329314802,14.985530651052958
02:30.772,-0.29375362396240234,0.13350259967757508,14.996207585947664
02:30.902,-0.10372742265462875,0.13169870636882045,15.005506827352898
02:31.027,-0.07277738302946091,0.13483857702454344,14.992466144617609
02:31.183,-0.014280278235673904,0.13712542879826692,14.981099530155848
02:31.311,0.07811278849840164,0.13387883058013547,14.994609577140265
02:31.440,0.31310683488845825,0.13102638575352094,15.00868861942624
02:31.572,0.2300192266702652,0.12863299174837212,15.022669757483616
02:31.703,0.14935149252414703,0.12708585474621167,15.034292781735255
02:31.830,0.16874177753925323,0.13042611406974514,15.023363503561729
02:32.026,0.15870065987110138,0.1294731915858209,15.030207153205557
02:32.256,0.1167028620839119,0.1293409229396634,15.035626437885002
02:32.527,-0.0933256670832634,0.13329649691721981,15.0191337940965
02:32.757,-0.1670188158750534,0.1359954586165926,15.00352041468685
02:33.006,-0.1647229939699173,0.13784934090282697,14.989658373218166
02:33.237,-0.08521270006895065,0.1346059306583329,15.00120253589635
02:33.482,-0.22754256427288055,0.13265983418079758,15.010372282306715
02:33.750,-0.35036563873291016,0.13524902589220156,14.997635054076044
02:33.981,-0.3494604825973511,0.13249084236009923,15.01059154866844
02:34.190,-0.38987013697624207,0.13021440623579209,15.024242393801597
02:34.438,-0.3083176612854004,0.1331386884584633,15.012698154421438
02:34.682,-0.2285102754831314,0.13544478725190856,15.000298338979295
02:34.860,-0.08516748994588852,0.13706347053028123,14.988788505081365
02:35.028,0.1257985383272171,0.13406359524726685,15.000569654573228
02:35.197,0.14737622439861298,0.1313843137759631,15.013772689115907
02:35.368,0.14372725784778595,0.12903397428351687,15.027825420204318
02:35.536,0.3049657940864563,0.13158920679922587,15.019372878183885
02:35.678,0.250072181224823,0.13358084715932075,15.011025590365499
02:35.836,0.18960930407047272,0.13094238722200796,15.023543031328948
02:35.968,0.16925360262393951,0.12908846227415138,15.034518728196053
02:36.093,0.09355873614549637,0.1330825315585143,15.018316855376447
02:36.215,0.2371366173028946,0.13585064515333958,15.005015169838805
02:36.342,0.18699143826961517,0.13762033618775274,14.994433652854925
02:36.470,0.01677117869257927,0.13906797997949583,14.984060287569433
02:36.600,-0.10478868335485458,0.13519223701096186,14.99829425881249
02:36.724,-0.027985025197267532,0.13239897861825667,15.01040483293124
02:36.863,-0.029241908341646194,0.1298187272010621,15.023594349638115
02:37.059,-0.1913059502840042,0.13265747395423141,15.012784914674304
02:37.287,-0.05891304090619087,0.1348350354569717,15.002046423206874
02:37.521,-0.12924693524837494,0.13162753986726708,15.017291780886186
02:37.765,-0.17913208901882172,0.13364340518408063,15.008682602797567
02:38.003,-0.03872464969754219,0.13554410051094307,14.99788434251781
02:38.258,-0.06511517614126205,0.13203870132221363,15.01399590826603
02:38.531,-0.05300648882985115,0.12976617955137648,15.028616317439429
02:38.827,0.09607238322496414,0.12814709758921708,15.042324685695487
02:39.057,0.09883815795183182,0.12728676149979581,15.05439221712594
02:39.251,-0.028077173978090286,0.13016447203346362,15.044942995413347
02:39.428,-0.08676814287900925,0.13216120261022554,15.036358695872012
02:39.586,0.0183115117251873,0.12944167191728967,15.049492826284812
02:39.731,-0.04735829308629036,0.1276564439467895,15.060243543656332
02:39.861,-0.02817671373486519,0.12631417300689635,15.069709189290698
02:39.994,-0.13444097340106964,0.12526416649148955,15.07841827036163
02:40.139,-0.2062065452337265,0.1290723219474981,15.064366443325467
02:40.260,-0.15519000589847565,0.12758341942478968,15.07278979899292
02:40.390,-0.16664744913578033,0.13154072537659164,15.055960819093627
02:40.513,-0.1938672512769699,0.13434812417949799,15.041634737184266
02:40.634,-0.09929396957159042,0.13213790347358567,15.049261263465839
02:40.757,-0.1261892169713974,0.1306065691966154,15.055355137119255
02:40.879,-0.14066104590892792,0.12927553168415798,15.06160962340733
02:41.002,-0.17369644343852997,0.1284144960653452,15.066538661066598
02:41.146,-0.051343727856874466,0.12745996063348766,15.072564794959938
02:41.272,-0.09218674153089523,0.12698709362028726,15.077118315463945
02:41.406,-0.08308469504117966,0.13104062259902116,15.05997648391755
02:41.547,0.1803213506937027,0.12974806036298875,15.065318835525796
02:41.672,0.02351165935397148,0.13369458221707492,15.046406951973216
02:41.802,0.08656585961580276,0.13655464841327244,15.030056256775893
02:41.924,0.04747520014643669,0.13405377523179568,15.037200631098303
02:42.075,0.12604017555713654,0.1333363345842496,15.038040567988473
02:42.335,0.03979147598147392,0.1366723800143304,15.018496511189625
02:42.562,0.11920148879289627,0.13855705727637474,14.999596860070664
02:42.788,0.1411597579717636,0.1398642513758528,14.983637174063597
02:43.022,0.129365935921669,0.1402385834879813,14.972193456657237
02:43.261,0.038241516798734665,0.1360360549053603,14.985054110991515
02:43.516,0.1103467121720314,0.13713224639901947,14.975328699892364
02:43.756,-0.01716994121670723,0.13733256273586258,14.969615829903129
02:44.004,0.002566229086369276,0.1325054070967018,14.991334246912816
02:44.262,-0.12170081585645676,0.12886414428212106,15.013360822221534
02:44.464,-0.0018436205573379993,0.12604144456486585,15.035374739999382
02:44.658,-0.1419726461172104,0.12328642561426884,15.057257265999445
02:44.813,-0.24675850570201874,0.12538426689927606,15.0563815393995
02:44.956,-0.27031588554382324,0.12222549033981335,15.07766338545955
02:45.080,-0.2349139302968979,0.12011993264316648,15.094557046913597
02:45.211,-0.12458299845457077,0.11918505232951737,15.106821342222238
02:45.344,-0.12279825657606125,0.119046655496584,15.115959208000014
02:45.481,-0.17206941545009613,0.12423541983768384,15.098973287200012
02:45.605,-0.13976402580738068,0.12388358314540533,15.104455958480012
02:45.729,0.005623351316899061,0.12345595025776301,15.109900362632011
02:45.853,0.10198188573122025,0.12843983117855223,15.089750326368812
02:45.976,-0.17232708632946014,0.13240418627411837,15.070665293731931
02:46.100,-0.04047577455639839,0.1356190638787795,15.052498764358738
02:46.226,-0.07840441912412643,0.13816380114837648,15.035108887922863
02:46.353,-0.13154302537441254,0.13617645201033715,15.037667999130576
02:46.491,-0.0013631475158035755,0.13509433609767316,15.037631199217518
02:46.626,-0.008821476250886917,0.1335858306360861,15.040238079295767
02:46.759,-0.15415774285793304,0.13705381826060672,15.020944271366192
02:46.890,-0.12307288497686386,0.1351272406473421,15.024659844229573
02:47.014,-0.1386420875787735,0.13299871998543383,15.031253859806617
02:47.238,-0.156926229596138,0.1359659852724094,15.014608473825955
02:47.486,-0.08455368131399155,0.13767793321407681,14.998717626443359
02:47.741,-0.0060559106059372425,0.1384353806976123,14.985535863799022
02:48.040,-0.007614452857524157,0.13469619898156937,14.996902277419121
02:48.294,0.12862248718738556,0.13593458202996422,14.985872049677209
02:48.558,0.20453210175037384,0.13661104022160506,14.97764484470949
02:48.826,0.456937313079834,0.13282366140367732,14.993380360238541
02:49.070,0.4525035619735718,0.134050768356435,14.987082324214688
02:49.293,0.4131135940551758,0.1314304341268819,15.00017409179322
02:49.489,0.24900491535663605,0.13262946807880907,14.995946682613898
02:49.649,0.25081247091293335,0.132968165804025,14.994692014352509
02:49.801,-0.09447353333234787,0.13291800227345338,14.99502281291726
02:49.937,-0.32527977228164673,0.13262109799534721,14.996610531625533
02:50.069,-0.27343928813934326,0.13050353091789502,15.00711947846298
02:50.200,-0.3424067199230194,0.12873938084886202,15.017557530616683
02:50.335,-0.2921997904777527,0.12975105764091902,15.015761777555015
02:50.460,-0.23486490547657013,0.13108931718987005,15.011545599799515
02:50.592,-0.2664461135864258,0.1324242888024497,15.006201039819564
02:50.717,-0.28639286756515503,0.1333164459429415,15.001910935837607
02:50.858,-0.2240244597196579,0.13425197346037804,14.996839842253847
02:50.980,-0.28960394859313965,0.13478008188587043,14.992815858028461
02:51.104,-0.2734605073928833,0.13450905563545337,14.992544272225615
02:51.221,-0.21596841514110565,0.13456874836949284,14.990989845003053
02:51.343,-0.09604024142026901,0.13453426930022092,14.989960860502748
02:51.465,-0.148994579911232,0.13429402914956332,14.989914774452474
02:51.585,-0.0015434813685715199,0.1341018155315691,14.989903297007226
02:51.714,-0.05126206949353218,0.13346732268708936,14.992152967306502
02:51.861,0.0007588970474898815,0.13287498066989004,14.994707670575853
02:51.982,0.051993560045957565,0.13220902956720443,14.998106903518268
02:52.102,0.01250375434756279,0.13194923886060167,14.99993621316644
02:52.304,-0.07700436562299728,0.1315035043681807,15.002822591849796
02:52.557,-0.09172087162733078,0.13118133903782567,15.006470332664817
02:52.813,-0.04771595075726509,0.13102982973689428,15.009573299398335
02:53.066,-0.06336619704961777,0.13098120492430618,15.012185969458502
02:53.320,0.0030854451470077038,0.1309538780931477,15.01441737251265
02:53.613,0.11139918118715286,0.13100821829705986,15.016025635261386
02:53.865,0.08921731263399124,0.13080523575819997,15.019073071735248
02:54.107,0.2500506043434143,0.1305834950007523,15.021935764561723
02:54.359,0.18270500004291534,0.13074174391075072,15.022912188105552
02:54.580,0.322028249502182,0.13102496801827668,15.022650969294997
02:54.758,0.23454435169696808,0.13082946378315896,15.024415872365498
02:54.908,0.16328956186771393,0.13146749733736876,15.021914285128949
02:55.038,0.04205382987856865,0.13126628176207283,15.022922856616054
02:55.186,0.11775407940149307,0.1320499931443061,15.019330570954448
02:55.319,-0.07196926325559616,0.1324013366973061,15.017127513859004
02:55.442,-0.18522866070270538,0.1322447407158839,15.017204762473103
02:55.563,-0.17109154164791107,0.13198338429859213,15.017954286225793
02:55.685,-0.09171875566244125,0.13175229013675144,15.018758857603213
02:55.808,-0.19337446987628937,0.1315233415168827,15.019722971842892
02:55.930,-0.2158074527978897,0.1316773340281312,15.019030674658604
02:56.056,-0.18718089163303375,0.13174940950722744,15.018607607192742
02:56.190,-0.16881565749645233,0.13159950408757246,15.019186846473469
02:56.318,-0.18699802458286285,0.1316314010870695,15.019008161826122
02:56.440,-0.0613282211124897,0.13157961498634896,15.019197345643509
02:56.566,-0.06157724931836128,0.13143603468168097,15.019857611079159
02:56.699,-0.1380356103181839,0.13131211118954797,15.020521849971242
02:56.854,-0.08462529629468918,0.1310110354966093,15.022139664974118
02:56.985,-0.05785166099667549,0.13083316171984746,15.023455698476706
02:57.107,-0.0072052669711411,0.13099855346486672,15.023120128629037
02:57.285,-0.08639495819807053,0.1307229644681263,15.024718115766133
02:57.521,-0.06903886049985886,0.13039349541049727,15.02720630418952
02:57.761,-0.09255003184080124,0.13053222341557635,15.027625673770569
02:58.000,-0.07555776089429855,0.13013167129285183,15.030683106393512
02:58.255,-0.07172831147909164,0.12987098470475483,15.03336479575416
02:58.518,0.036891769617795944,0.12966659503673575,15.036058316178746
02:58.761,-0.05900685861706734,0.12948210010718794,15.038712484560872
02:59.005,-0.01431577280163765,0.12940817991127454,15.040641236104786
02:59.280,-0.013117659837007523,0.12961821458712014,15.040927112494309
02:59.514,0.06577301770448685,0.12977951363282672,15.041214401244877
02:59.757,0.07568994909524918,0.13014128440699363,15.03984296112039
02:59.927,0.014615397900342941,0.13024765406343422,15.039338665008351
03:00.076,0.07541698962450027,0.13014058284960953,15.039754798507516
03:00.207,0.079243965446949,0.1304569499663474,15.038199318656766
03:00.347,0.02614874765276909,0.1306929937326846,15.03681938679109
03:00.489,-0.007386643905192614,0.13085656012343666,15.035537448111981
03:00.636,0.12115360051393509,0.13104599686876672,15.034053703300783
03:00.767,0.01077641174197197,0.13112156715215645,15.032918332970706
03:00.898,0.010880481451749802,0.13107744068879998,15.032436499673636
03:01.024,-0.03223447874188423,0.13124348220723592,15.030992849706273
03:01.148,0.14058561623096466,0.13148065631796296,15.029133564735645
03:01.272,0.10132098942995071,0.13133254555937546,15.02899020826208
03:01.407,-0.05294563248753548,0.1313948257132446,15.027911187435873
03:01.533,0.01973320171236992,0.13107954817174267,15.028670068692286
03:01.675,-0.002393175382167101,0.1311754548900804,15.027703061823058
03:01.802,0.12566427886486053,0.1313480919084971,15.02626275564075
03:01.929,-0.017256278544664383,0.13130457548169455,15.025796480076677
03:02.063,-0.000978697557002306,0.13142563642869254,15.02461683206901
03:02.190,0.058795224875211716,0.13155583837412557,15.023295148862108
03:02.349,0.03261430189013481,0.1315350169284136,15.022635633975899
03:02.585,0.04479430243372917,0.1314662968810068,15.02202207057831
03:02.819,-0.03292234614491463,0.1314785656980087,15.020849863520478
03:03.094,0.04047973081469536,0.13102783474032115,15.022224877168432
03:03.318,-0.040720511227846146,0.13048637759534656,15.024762389451588
03:03.541,-0.09349971264600754,0.1299052973189167,15.02809615050643
03:03.779,-0.09801333397626877,0.12955141072307513,15.030846535455787
03:04.011,-0.0871647521853447,0.12911542249951255,15.034511881910209
03:04.247,-0.18033526837825775,0.1288077499029654,15.037780693719188
03:04.490,-0.11520015448331833,0.12870651913372175,15.04024262434727
03:04.689,-0.008376289159059525,0.12886145630863488,15.041108361912542
03:04.902,-0.1341535896062851,0.1287281558051323,15.042937525721289
03:05.061,-0.02904646471142769,0.1291505045076061,15.041973773149161
03:05.205,-0.13653351366519928,0.12896756249248129,15.043316395834244
03:05.352,-0.0491783507168293,0.12923951003692724,15.04252475625082
03:05.492,0.05375624820590019,0.12978244539661496,15.040152280625739
03:05.629,-0.03129659965634346,0.1299372830705997,15.039197052563164
03:05.775,0.007446806412190199,0.13005129337198537,15.03831734730685
03:05.908,0.040966372936964035,0.13035197671584917,15.036435612576165
03:06.065,-0.07085054367780685,0.13072590878715482,15.034022051318548
03:06.192,0.03929046913981438,0.13108047847834667,15.031239846186693
03:06.326,0.014741789549589157,0.1309500420233279,15.030765861568025
03:06.457,-0.003981430549174547,0.13077846751679933,15.030629275411224
03:06.593,-0.010001350194215775,0.1312340412920579,15.027646347870101
03:06.723,-0.012546826153993607,0.13135489698105665,15.025911713083092
03:06.849,-0.006045390386134386,0.13108995711914734,15.026040541774783
03:06.976,0.006752680521458387,0.13106349115163948,15.025306487597305
03:07.120,0.01571623608469963,0.13095129078209605,15.025025838837575
03:07.244,-0.035000938922166824,0.13078193257964707,15.025073254953817
03:07.381,0.010889898985624313,0.1308094648624082,15.024385929458436
03:07.613,0.08860135823488235,0.13051729616321758,15.025147336512592
03:07.842,0.0506506972014904,0.13022041333634388,15.026192602861334
03:08.068,-0.006092716474086046,0.13000103598032742,15.027183342575201
03:08.298,-0.024719465523958206,0.12975349666335736,15.028575008317683
03:08.553,-0.09817614406347275,0.12978969230704474,15.028727507485915
03:08.819,-0.07638060301542282,0.12977365657778167,15.029054756737324
03:09.058,-0.012167084962129593,0.12952071908841903,15.030689281063593
03:09.294,-0.0838092491030693,0.12960522669881852,15.030660352957234
03:09.522,-0.09554146975278854,0.12926937214966344,15.032724317661511
03:09.722,-0.13607682287693024,0.12915198820646825,15.03392188589536
03:09.917,-0.11296617239713669,0.12903285676309062,15.035099697305824
03:10.097,-0.07159074395895004,0.1292745473708385,15.034459727575243
03:10.238,-0.019938070327043533,0.12912003322209023,15.035493754817718
03:10.389,-0.10728391259908676,0.12948794806282626,15.033994379335947
03:10.532,-0.11405467242002487,0.12977533931588428,15.032554941402353
03:10.667,-0.1527649313211441,0.12971006724117026,15.032599447262116
03:10.797,-0.09568830579519272,0.12977908496716462,15.032059502535905
03:10.903,-0.09341727942228317,0.1297464864095645,15.031963552282313
03:11.097,-0.20234502851963043,0.13030885441411957,15.029207197054081
